id_leitura,id_sensor,id_peca,sensor_tipo,leitura_data_hora,tempo_uso,ciclos,temperatura,vibracao,falha_evento,falha,risco_falha,falha_prob
1,2,1,temperatura,2025-10-04 00:50:41,0.0,0.0,94.82,55.04,0,0,baixo,0.0
6,2,1,temperatura,2025-10-04 00:50:52,0.0,0.0,50.4,55.04,0,0,baixo,0.0
13,2,1,temperatura,2025-10-04 00:51:09,0.0,0.0,50.99,55.04,0,0,baixo,0.0
15,2,1,temperatura,2025-10-04 00:51:14,0.0,0.0,52.41,51.55,0,0,baixo,0.0
20,2,1,temperatura,2025-10-04 00:51:26,0.0,0.0,58.81,63.26,0,0,baixo,0.0
24,2,1,temperatura,2025-10-04 00:51:35,0.0,0.0,62.1,63.26,0,0,baixo,0.0
25,2,1,temperatura,2025-10-04 00:51:37,0.0,0.0,54.41,63.26,0,0,baixo,0.0
29,2,1,temperatura,2025-10-04 00:51:46,0.0,0.0,60.43,63.26,0,0,baixo,0.0
35,2,1,temperatura,2025-10-04 00:52:00,0.0,0.0,61.46,58.1,0,0,baixo,0.0
46,2,1,temperatura,2025-10-04 00:52:25,0.0,0.0,85.27,61.54,0,0,baixo,0.0
49,2,1,temperatura,2025-10-04 00:52:32,0.0,0.0,51.85,61.54,0,0,baixo,0.0
58,2,1,temperatura,2025-10-04 00:52:54,0.27,1.0,57.18,63.95,0,0,baixo,0.0
72,2,1,temperatura,2025-10-04 00:58:39,6.02,1.0,62.07,53.86,0,0,baixo,0.0
87,2,1,temperatura,2025-10-04 01:00:27,7.82,1.0,50.85,58.15,1,0,baixo,0.0
88,2,1,temperatura,2025-10-04 01:00:30,7.87,1.0,89.01,58.15,1,0,baixo,0.0
90,2,1,temperatura,2025-10-04 01:00:34,7.93,1.0,87.54,58.15,1,0,baixo,0.0
91,2,1,temperatura,2025-10-04 01:00:36,7.97,1.0,57.83,58.15,1,0,baixo,0.0
97,2,1,temperatura,2025-10-04 01:01:02,8.4,1.0,56.72,63.8,1,0,baixo,0.0
104,2,1,temperatura,2025-10-04 01:01:25,8.78,1.0,53.37,63.8,1,0,baixo,0.0
110,2,1,temperatura,2025-10-04 01:01:41,9.05,1.0,59.38,91.69,1,0,baixo,0.0
120,2,1,temperatura,2025-10-04 01:05:00,12.37,1.0,51.28,57.34,0,0,baixo,0.0
127,2,1,temperatura,2025-10-04 01:05:14,12.6,1.0,57.91,55.72,0,0,baixo,0.0
132,2,1,temperatura,2025-10-04 01:06:20,13.7,1.0,55.95,55.29,1,0,baixo,0.0
134,2,1,temperatura,2025-10-04 01:06:24,13.77,1.0,52.68,55.29,1,0,baixo,0.0
137,2,1,temperatura,2025-10-04 01:06:32,13.9,1.0,64.47,55.29,1,0,baixo,0.0
139,2,1,temperatura,2025-10-04 01:06:37,13.98,1.0,52.99,56.76,1,0,baixo,0.0
148,2,1,temperatura,2025-10-04 01:07:01,14.38,1.0,90.78,56.76,1,0,baixo,0.0
151,2,1,temperatura,2025-10-04 01:07:09,14.52,1.0,51.29,54.24,1,0,baixo,0.0
158,2,1,temperatura,2025-10-04 01:07:23,14.75,1.0,63.52,62.05,1,0,baixo,0.0
163,2,1,temperatura,2025-10-04 01:07:36,14.97,1.0,50.36,58.68,1,0,baixo,0.0
164,2,1,temperatura,2025-10-04 01:07:38,15.0,1.0,59.43,58.68,1,0,baixo,0.0
166,2,1,temperatura,2025-10-04 01:07:43,15.08,1.0,63.68,58.68,1,0,baixo,0.0
185,2,1,temperatura,2025-10-04 01:09:42,17.07,1.0,62.73,59.52,1,0,baixo,0.0
190,2,1,temperatura,2025-10-04 01:09:52,17.23,1.0,92.4,59.52,1,0,baixo,0.0
192,2,1,temperatura,2025-10-04 01:09:57,17.32,1.0,64.73,59.52,1,0,baixo,0.0
193,2,1,temperatura,2025-10-04 01:09:59,17.35,1.0,51.19,59.52,1,0,baixo,0.0
205,2,1,temperatura,2025-10-04 01:10:28,17.83,1.0,56.16,99.74,1,0,baixo,0.0
207,2,1,temperatura,2025-10-04 01:10:32,17.9,1.0,57.22,85.09,1,0,baixo,0.0
212,2,1,temperatura,2025-10-04 01:10:45,18.12,1.0,55.71,58.1,1,0,baixo,0.0
213,2,1,temperatura,2025-10-04 01:10:47,18.15,1.0,52.58,58.1,1,0,baixo,0.0
225,2,1,temperatura,2025-10-04 01:11:12,18.57,1.0,63.29,51.01,1,0,baixo,0.0
226,2,1,temperatura,2025-10-04 01:11:14,18.6,1.0,54.7,51.01,1,0,baixo,0.0
233,2,1,temperatura,2025-10-04 01:11:29,18.85,1.0,57.78,53.37,1,0,baixo,0.0
234,2,1,temperatura,2025-10-04 01:11:31,18.88,1.0,59.97,53.37,0,0,baixo,0.0
237,2,1,temperatura,2025-10-04 01:11:37,18.98,1.0,59.65,53.37,0,0,baixo,0.0
244,2,1,temperatura,2025-10-04 01:11:51,19.22,1.0,64.56,64.44,1,0,baixo,0.0
248,2,1,temperatura,2025-10-04 01:11:59,19.35,1.0,50.1,59.3,1,0,baixo,0.0
258,2,1,temperatura,2025-10-04 01:12:19,19.68,1.0,62.92,60.61,1,0,baixo,0.0
262,2,1,temperatura,2025-10-04 01:12:28,19.83,1.0,61.98,57.24,1,0,baixo,0.0
273,2,1,temperatura,2025-10-04 01:12:50,20.2,1.0,89.48,55.81,1,0,baixo,0.0
274,2,1,temperatura,2025-10-04 01:12:52,20.23,1.0,99.87,55.81,1,0,baixo,0.0
284,2,1,temperatura,2025-10-04 01:13:12,20.57,1.0,57.67,55.81,1,0,baixo,0.0
300,2,1,temperatura,2025-10-04 01:13:45,21.12,1.0,60.77,51.76,1,0,baixo,0.0
305,2,1,temperatura,2025-10-04 01:13:55,21.28,1.0,59.63,50.75,1,0,baixo,0.0
313,2,1,temperatura,2025-10-04 01:14:11,21.55,1.0,56.01,54.04,1,0,baixo,0.0
319,2,1,temperatura,2025-10-04 01:14:23,21.75,1.0,51.39,94.33,1,0,baixo,0.0
325,2,1,temperatura,2025-10-04 01:14:35,21.95,1.0,53.49,55.71,1,0,baixo,0.0
333,2,1,temperatura,2025-10-04 01:14:52,22.23,1.0,99.1,55.71,1,0,baixo,0.0
338,2,1,temperatura,2025-10-04 01:15:02,22.4,1.0,51.95,59.21,1,0,baixo,0.0
339,2,1,temperatura,2025-10-04 01:15:04,22.43,1.0,50.35,59.21,1,0,baixo,0.0
342,2,1,temperatura,2025-10-04 01:15:10,22.53,1.0,50.03,59.21,1,0,baixo,0.0
343,2,1,temperatura,2025-10-04 01:15:12,22.57,1.0,50.61,59.21,1,0,baixo,0.0
345,2,1,temperatura,2025-10-04 01:15:16,22.63,1.0,61.52,59.21,1,0,baixo,0.0
366,2,1,temperatura,2025-10-04 01:17:56,25.3,1.0,51.93,61.34,0,0,baixo,0.0
376,2,1,temperatura,2025-10-04 01:18:16,25.63,1.0,63.18,60.27,0,0,baixo,0.0
379,2,1,temperatura,2025-10-04 01:18:23,25.75,1.0,63.91,64.89,0,0,baixo,0.0
390,2,1,temperatura,2025-10-04 01:19:51,27.22,1.0,58.72,56.7,0,0,baixo,0.0
391,2,1,temperatura,2025-10-04 01:19:53,27.25,1.0,60.41,56.7,0,0,baixo,0.0
394,2,1,temperatura,2025-10-04 01:19:59,27.35,1.0,57.34,62.07,0,0,baixo,0.0
398,2,1,temperatura,2025-10-04 01:20:07,27.48,1.0,62.37,63.06,1,0,baixo,0.0
400,2,1,temperatura,2025-10-04 01:20:11,27.55,1.0,52.8,63.06,1,0,baixo,0.0
405,2,1,temperatura,2025-10-04 01:20:21,27.72,1.0,64.14,63.06,1,0,baixo,0.0
408,2,1,temperatura,2025-10-04 01:20:27,27.82,1.0,63.63,63.06,1,0,baixo,0.0
414,2,1,temperatura,2025-10-04 01:20:39,28.02,1.0,54.28,63.06,1,0,baixo,0.0
430,2,1,temperatura,2025-10-04 01:21:12,28.57,1.0,59.32,62.74,1,0,baixo,0.0
436,2,1,temperatura,2025-10-04 01:21:24,28.77,1.0,53.03,54.06,1,0,baixo,0.0
442,2,1,temperatura,2025-10-04 01:21:36,28.97,1.0,54.47,59.47,1,0,baixo,0.0
449,2,1,temperatura,2025-10-04 01:21:50,29.2,1.0,60.55,58.84,1,0,baixo,0.0
450,2,1,temperatura,2025-10-04 01:21:52,29.23,1.0,61.55,58.84,1,0,baixo,0.0
460,2,1,temperatura,2025-10-04 01:22:13,29.58,1.0,53.75,61.99,1,0,baixo,0.0
466,2,1,temperatura,2025-10-04 01:22:25,29.78,1.0,53.27,61.99,1,0,baixo,0.0
472,2,1,temperatura,2025-10-04 01:22:37,29.98,1.0,91.21,51.23,1,0,baixo,0.0
479,2,1,temperatura,2025-10-04 01:22:51,30.22,1.0,99.42,53.47,1,0,baixo,0.0
498,2,1,temperatura,2025-10-04 01:23:29,30.85,1.0,53.1,53.47,1,0,baixo,0.0
502,2,1,temperatura,2025-10-04 01:23:37,30.98,1.0,57.66,53.47,1,0,baixo,0.0
505,2,1,temperatura,2025-10-04 01:23:44,31.1,1.0,57.04,53.47,1,0,baixo,0.0
506,2,1,temperatura,2025-10-04 01:23:46,31.13,1.0,63.73,53.47,1,0,baixo,0.0
507,2,1,temperatura,2025-10-04 01:23:48,31.17,1.0,50.37,53.47,1,0,baixo,0.0
518,2,1,temperatura,2025-10-04 01:24:30,31.87,1.0,53.73,53.47,1,0,baixo,0.0
525,2,1,temperatura,2025-10-04 01:25:38,33.0,1.0,59.15,99.57,1,0,baixo,0.0
526,2,1,temperatura,2025-10-04 01:25:40,33.03,1.0,55.13,99.57,1,0,baixo,0.0
535,2,1,temperatura,2025-10-04 01:31:04,38.43,1.0,50.55,58.8,0,0,baixo,0.0
544,2,1,temperatura,2025-10-04 01:31:23,38.75,1.0,61.14,60.84,0,0,baixo,0.0
550,2,1,temperatura,2025-10-04 01:31:35,38.95,1.0,52.9,51.93,0,0,baixo,0.0
555,2,1,temperatura,2025-10-04 01:35:06,42.47,1.0,90.89,60.81,1,0,baixo,0.0
567,2,1,temperatura,2025-10-04 01:35:31,42.88,1.0,56.0,64.1,1,0,baixo,0.0
568,2,1,temperatura,2025-10-04 01:35:33,42.92,1.0,58.04,64.1,1,0,baixo,0.0
583,2,1,temperatura,2025-10-04 01:36:03,43.42,1.0,56.51,59.6,1,0,baixo,0.0
589,2,1,temperatura,2025-10-04 01:36:15,43.62,1.0,59.91,59.6,0,0,baixo,0.0
596,2,1,temperatura,2025-10-04 01:45:17,52.65,1.0,50.78,59.6,0,0,baixo,0.0
613,2,1,temperatura,2025-10-04 01:45:51,53.22,1.0,58.57,56.62,0,0,baixo,0.0
614,2,1,temperatura,2025-10-04 01:45:53,53.25,1.0,57.26,56.62,0,0,baixo,0.0
619,2,1,temperatura,2025-10-04 01:46:04,53.43,1.0,64.73,56.62,0,0,baixo,0.0
621,2,1,temperatura,2025-10-04 01:46:08,53.5,1.0,61.39,56.62,1,0,baixo,0.0
624,2,1,temperatura,2025-10-04 01:46:14,53.6,1.0,58.42,56.62,1,0,baixo,0.0
625,2,1,temperatura,2025-10-04 01:46:16,53.63,1.0,54.56,56.62,1,0,baixo,0.0
627,2,1,temperatura,2025-10-04 01:46:20,53.7,1.0,54.15,64.01,1,0,baixo,0.0
638,2,1,temperatura,2025-10-04 01:46:42,54.07,1.0,54.8,64.01,1,0,baixo,0.0
639,2,1,temperatura,2025-10-04 01:46:44,54.1,1.0,60.8,64.01,1,0,baixo,0.0
671,2,1,temperatura,2025-10-04 01:47:49,55.18,1.0,61.14,59.94,1,0,baixo,0.0
679,2,1,temperatura,2025-10-04 01:48:05,55.45,1.0,55.48,85.46,1,0,baixo,0.0
685,2,1,temperatura,2025-10-04 01:48:17,55.65,1.0,60.16,58.53,1,0,baixo,0.0
690,2,1,temperatura,2025-10-04 01:48:27,55.82,1.0,96.85,51.46,1,0,baixo,0.0
694,2,1,temperatura,2025-10-04 01:48:35,55.95,1.0,58.01,64.15,1,0,baixo,0.0
699,2,1,temperatura,2025-10-04 01:48:45,56.12,1.0,59.08,60.42,1,0,baixo,0.0
701,2,1,temperatura,2025-10-04 01:48:49,56.18,1.0,61.6,51.82,1,0,baixo,0.0
706,2,1,temperatura,2025-10-04 01:49:00,56.37,1.0,57.35,51.82,1,0,baixo,0.0
719,2,1,temperatura,2025-10-04 01:49:26,56.8,1.0,51.3,51.85,1,0,baixo,0.0
721,2,1,temperatura,2025-10-04 01:49:30,56.87,1.0,56.47,62.31,0,0,baixo,0.0
724,2,1,temperatura,2025-10-04 01:49:36,56.97,1.0,63.32,57.6,1,0,baixo,0.0
727,2,1,temperatura,2025-10-04 01:49:42,57.07,1.0,62.66,57.6,1,0,baixo,0.0
728,2,1,temperatura,2025-10-04 01:49:44,57.1,1.0,56.82,57.6,1,0,baixo,0.0
740,2,1,temperatura,2025-10-04 01:50:08,57.5,1.0,55.09,60.68,1,0,baixo,0.0
748,2,1,temperatura,2025-10-04 01:50:25,57.78,1.0,56.54,57.7,1,0,baixo,0.0
756,2,1,temperatura,2025-10-04 01:50:41,58.05,1.0,87.73,55.21,1,0,baixo,0.0
757,2,1,temperatura,2025-10-04 01:50:43,58.08,1.0,50.94,55.21,1,0,baixo,0.0
765,2,1,temperatura,2025-10-04 01:50:59,58.35,1.0,59.4,55.21,1,0,baixo,0.0
769,2,1,temperatura,2025-10-04 01:51:07,58.48,1.0,57.17,61.34,1,0,baixo,0.0
773,2,1,temperatura,2025-10-04 01:51:15,58.62,1.0,58.01,61.34,1,0,baixo,0.0
778,2,1,temperatura,2025-10-04 01:51:25,58.78,1.0,57.88,56.42,1,0,baixo,0.0
781,2,1,temperatura,2025-10-04 01:51:31,58.88,1.0,63.38,56.42,1,0,baixo,0.0
799,2,1,temperatura,2025-10-04 01:52:08,59.5,1.0,50.96,55.36,0,0,baixo,0.0
806,2,1,temperatura,2025-10-04 01:52:22,59.73,1.0,60.13,59.07,0,0,baixo,0.0
809,2,1,temperatura,2025-10-04 01:52:28,59.83,1.0,64.3,61.24,0,0,baixo,0.0
811,2,1,temperatura,2025-10-04 01:52:32,59.9,1.0,51.18,61.24,0,0,baixo,0.0
817,2,1,temperatura,2025-10-04 01:52:44,60.1,1.0,58.99,60.42,0,0,baixo,0.0
820,2,1,temperatura,2025-10-04 01:52:50,60.2,1.0,56.8,60.42,0,0,baixo,0.0
828,2,1,temperatura,2025-10-04 01:53:07,60.48,1.0,55.64,60.1,0,0,baixo,0.0
832,2,1,temperatura,2025-10-04 01:53:15,60.62,1.0,56.08,60.1,0,0,baixo,0.0
839,2,1,temperatura,2025-10-04 01:53:29,60.85,1.0,63.96,57.12,0,0,baixo,0.0
847,2,1,temperatura,2025-10-04 01:53:45,61.12,1.0,56.59,63.6,0,0,baixo,0.0
856,2,1,temperatura,2025-10-04 01:54:03,61.42,1.0,64.96,64.82,0,0,baixo,0.0
864,2,1,temperatura,2025-10-04 01:54:20,61.7,1.0,62.54,51.49,0,0,baixo,0.0
869,2,1,temperatura,2025-10-04 01:54:30,61.87,1.0,53.68,51.49,0,0,baixo,0.0
870,2,1,temperatura,2025-10-04 01:54:32,61.9,1.0,51.47,51.49,0,0,baixo,0.0
872,2,1,temperatura,2025-10-04 01:54:36,61.97,1.0,53.45,51.49,0,0,baixo,0.0
873,2,1,temperatura,2025-10-04 01:54:38,62.0,1.0,55.64,51.49,0,0,baixo,0.0
874,2,1,temperatura,2025-10-04 01:54:40,62.03,1.0,55.21,51.49,0,0,baixo,0.0
879,2,1,temperatura,2025-10-04 01:54:50,62.2,1.0,52.39,51.49,1,0,baixo,0.0
887,2,1,temperatura,2025-10-04 01:55:06,62.47,1.0,52.7,59.7,1,0,baixo,0.0
888,2,1,temperatura,2025-10-04 01:55:08,62.5,1.0,52.78,59.7,1,0,baixo,0.0
893,2,1,temperatura,2025-10-04 01:55:18,62.67,1.0,51.19,59.7,1,0,baixo,0.0
899,2,1,temperatura,2025-10-04 01:55:30,62.87,1.0,53.45,53.15,1,0,baixo,0.0
904,2,1,temperatura,2025-10-04 01:55:41,63.05,1.0,89.16,59.27,1,0,baixo,0.0
912,2,1,temperatura,2025-10-04 01:55:57,63.32,1.0,98.89,53.88,1,0,baixo,0.0
924,2,1,temperatura,2025-10-04 01:56:21,63.72,1.0,58.1,63.17,1,0,baixo,0.0
929,2,1,temperatura,2025-10-04 01:56:31,63.88,1.0,53.23,62.7,1,0,baixo,0.0
930,2,1,temperatura,2025-10-04 01:56:33,63.92,1.0,60.05,62.7,1,0,baixo,0.0
932,2,1,temperatura,2025-10-04 01:56:37,63.98,1.0,52.8,62.7,1,0,baixo,0.0
934,2,1,temperatura,2025-10-04 01:56:41,64.05,1.0,50.42,55.32,1,0,baixo,0.0
958,2,1,temperatura,2025-10-04 01:57:30,64.87,1.0,52.56,55.01,1,0,baixo,0.0
963,2,1,temperatura,2025-10-04 01:57:40,65.03,1.0,50.93,55.01,1,0,baixo,0.0
966,2,1,temperatura,2025-10-04 01:57:46,65.13,1.0,54.74,55.01,1,0,baixo,0.0
972,2,1,temperatura,2025-10-04 01:57:58,65.33,1.0,56.78,57.22,1,0,baixo,0.0
977,2,1,temperatura,2025-10-04 01:58:08,65.5,1.0,52.74,54.07,1,0,baixo,0.0
979,2,1,temperatura,2025-10-04 01:58:12,65.57,1.0,53.73,54.07,1,0,baixo,0.0
986,2,1,temperatura,2025-10-04 01:58:26,65.8,1.0,87.22,57.06,1,0,baixo,0.0
989,2,1,temperatura,2025-10-04 01:58:33,65.92,1.0,50.62,87.6,1,0,baixo,0.0
998,2,1,temperatura,2025-10-04 01:58:51,66.22,1.0,52.21,51.03,1,0,baixo,0.0
999,2,1,temperatura,2025-10-04 01:58:53,66.25,1.0,61.52,51.03,1,0,baixo,0.0
1005,2,1,temperatura,2025-10-04 01:59:05,66.45,1.0,57.14,99.2,1,0,baixo,0.0
1015,2,1,temperatura,2025-10-04 01:59:25,66.78,1.0,62.56,51.05,1,0,baixo,0.0
1018,2,1,temperatura,2025-10-04 01:59:31,66.88,1.0,99.84,51.05,1,0,baixo,0.0
1030,2,1,temperatura,2025-10-04 01:59:56,67.3,1.0,62.1,50.28,1,0,baixo,0.0
1034,2,1,temperatura,2025-10-04 02:00:04,67.43,1.0,52.66,50.28,1,0,baixo,0.0
1036,2,1,temperatura,2025-10-04 02:00:08,67.5,1.0,58.16,60.1,1,0,baixo,0.0
1040,2,1,temperatura,2025-10-04 02:00:16,67.63,1.0,59.0,60.1,1,0,baixo,0.0
1041,2,1,temperatura,2025-10-04 02:00:18,67.67,1.0,59.73,60.1,1,0,baixo,0.0
1062,2,1,temperatura,2025-10-04 02:01:01,68.38,1.0,56.51,53.76,1,0,baixo,0.0
1068,2,1,temperatura,2025-10-04 02:01:13,68.58,1.0,60.71,53.77,1,0,baixo,0.0
1072,2,1,temperatura,2025-10-04 02:01:21,68.72,1.0,50.29,52.65,1,0,baixo,0.0
1087,2,1,temperatura,2025-10-04 02:01:51,69.22,1.0,85.88,64.32,1,0,baixo,0.0
1101,2,1,temperatura,2025-10-04 02:02:43,70.08,1.0,95.56,58.84,1,0,baixo,0.0
1103,2,1,temperatura,2025-10-04 02:02:49,70.18,1.0,60.73,58.84,1,0,baixo,0.0
1113,2,1,temperatura,2025-10-04 02:03:15,70.62,1.0,55.47,52.61,1,0,baixo,0.0
1115,2,1,temperatura,2025-10-04 02:03:19,70.68,1.0,62.58,52.61,1,0,baixo,0.0
1117,2,1,temperatura,2025-10-04 02:03:23,70.75,1.0,52.32,60.42,1,0,baixo,0.0
1120,2,1,temperatura,2025-10-04 02:03:29,70.85,1.0,60.17,60.42,1,0,baixo,0.0
1136,2,1,temperatura,2025-10-04 02:04:03,71.42,1.0,61.72,51.4,1,0,baixo,0.0
1146,2,1,temperatura,2025-10-04 02:04:28,71.83,1.0,64.41,91.45,1,0,baixo,0.0
1150,2,1,temperatura,2025-10-04 02:04:38,72.0,1.0,53.38,91.45,1,0,baixo,0.0
1152,2,1,temperatura,2025-10-04 02:04:47,72.15,1.0,54.29,91.45,1,0,baixo,0.0
1153,2,1,temperatura,2025-10-04 02:04:53,72.25,1.0,95.39,91.45,1,0,baixo,0.0
1156,2,1,temperatura,2025-10-04 02:05:03,72.42,1.0,92.34,59.2,1,0,baixo,0.0
1157,2,1,temperatura,2025-10-04 02:05:06,72.47,1.0,50.63,59.2,1,0,baixo,0.0
1163,2,1,temperatura,2025-10-04 02:05:25,72.78,1.0,51.2,59.2,1,0,baixo,0.0
1174,2,1,temperatura,2025-10-04 02:05:50,73.2,1.0,63.26,53.73,1,0,baixo,0.0
1175,2,1,temperatura,2025-10-04 02:05:53,73.25,1.0,57.72,53.73,1,0,baixo,0.0
1178,2,1,temperatura,2025-10-04 02:05:59,73.35,1.0,54.97,64.78,1,0,baixo,0.0
1179,2,1,temperatura,2025-10-04 02:06:01,73.38,1.0,52.95,64.78,1,0,baixo,0.0
1181,2,1,temperatura,2025-10-04 02:06:07,73.48,1.0,61.02,87.09,1,0,baixo,0.0
1185,2,1,temperatura,2025-10-04 02:06:15,73.62,1.0,62.99,88.74,1,0,baixo,0.0
1190,2,1,temperatura,2025-10-04 02:06:27,73.82,1.0,95.53,60.43,1,0,baixo,0.0
1196,2,1,temperatura,2025-10-04 02:07:56,75.3,1.0,53.33,55.4,0,0,baixo,0.0
1208,2,1,temperatura,2025-10-04 02:12:14,79.6,1.0,52.81,55.4,0,0,baixo,0.0
1211,2,1,temperatura,2025-10-04 02:12:20,79.7,1.0,50.16,55.4,0,0,baixo,0.0
2,4,2,temperatura,2025-10-04 00:50:43,0.0,0.0,57.74,52.72,0,0,baixo,0.0
10,4,2,temperatura,2025-10-04 00:51:02,0.0,0.0,57.1,52.72,0,0,baixo,0.0
23,4,2,temperatura,2025-10-04 00:51:33,0.0,0.0,54.54,52.72,0,0,baixo,0.0
28,4,2,temperatura,2025-10-04 00:51:44,0.0,0.0,92.59,52.72,0,0,baixo,0.0
31,4,2,temperatura,2025-10-04 00:51:50,0.0,0.0,50.65,52.72,0,0,baixo,0.0
33,4,2,temperatura,2025-10-04 00:51:54,0.0,0.0,60.04,52.72,0,0,baixo,0.0
36,4,2,temperatura,2025-10-04 00:52:03,0.0,0.0,50.21,52.72,0,0,baixo,0.0
37,4,2,temperatura,2025-10-04 00:52:05,0.0,0.0,62.59,52.72,0,0,baixo,0.0
40,4,2,temperatura,2025-10-04 00:52:12,0.0,0.0,51.34,88.6,0,0,baixo,0.0
47,4,2,temperatura,2025-10-04 00:52:27,0.0,0.0,55.17,91.32,0,0,baixo,0.0
51,4,2,temperatura,2025-10-04 00:52:38,0.0,1.0,62.23,98.34,0,0,baixo,0.0
53,4,2,temperatura,2025-10-04 00:52:42,0.07,1.0,55.64,98.34,0,0,baixo,0.0
60,4,2,temperatura,2025-10-04 00:53:02,0.4,1.0,53.34,53.31,0,0,baixo,0.0
62,4,2,temperatura,2025-10-04 00:53:09,0.52,1.0,55.5,53.31,0,0,baixo,0.0
74,4,2,temperatura,2025-10-04 00:58:45,6.12,1.0,56.54,50.47,0,0,baixo,0.0
81,4,2,temperatura,2025-10-04 00:59:01,6.38,1.0,52.45,62.84,0,0,baixo,0.0
92,4,2,temperatura,2025-10-04 01:00:42,8.07,1.0,57.42,52.18,1,0,baixo,0.0
94,4,2,temperatura,2025-10-04 01:00:50,8.2,1.0,56.23,52.18,1,0,baixo,0.0
98,4,2,temperatura,2025-10-04 01:01:06,8.47,1.0,50.35,52.18,1,0,baixo,0.0
99,4,2,temperatura,2025-10-04 01:01:11,8.55,1.0,89.84,52.18,1,0,baixo,0.0
101,4,2,temperatura,2025-10-04 01:01:16,8.63,1.0,53.84,52.18,1,0,baixo,0.0
102,4,2,temperatura,2025-10-04 01:01:18,8.67,1.0,57.82,52.18,1,0,baixo,0.0
128,4,2,temperatura,2025-10-04 01:05:16,12.63,1.0,59.78,88.2,1,0,baixo,0.0
131,4,2,temperatura,2025-10-04 01:06:18,13.67,1.0,96.88,88.2,1,0,baixo,0.0
133,4,2,temperatura,2025-10-04 01:06:22,13.73,1.0,98.88,88.2,1,0,baixo,0.0
135,4,2,temperatura,2025-10-04 01:06:26,13.8,1.0,54.13,88.2,1,0,baixo,0.0
136,4,2,temperatura,2025-10-04 01:06:29,13.85,1.0,54.26,88.2,1,0,baixo,0.0
141,4,2,temperatura,2025-10-04 01:06:42,14.07,1.0,61.79,63.05,1,0,baixo,0.0
149,4,2,temperatura,2025-10-04 01:07:04,14.43,1.0,60.69,52.48,1,0,baixo,0.0
160,4,2,temperatura,2025-10-04 01:07:28,14.83,1.0,53.26,55.18,1,0,baixo,0.0
162,4,2,temperatura,2025-10-04 01:07:34,14.93,1.0,56.84,55.18,1,0,baixo,0.0
169,4,2,temperatura,2025-10-04 01:07:49,15.18,1.0,63.86,51.89,1,0,baixo,0.0
170,4,2,temperatura,2025-10-04 01:07:51,15.22,1.0,87.39,51.89,1,0,baixo,0.0
172,4,2,temperatura,2025-10-04 01:07:56,15.3,1.0,56.19,51.89,1,0,baixo,0.0
181,4,2,temperatura,2025-10-04 01:09:24,16.77,1.0,60.76,88.82,1,0,baixo,0.0
187,4,2,temperatura,2025-10-04 01:09:46,17.13,1.0,50.98,52.35,1,0,baixo,0.0
189,4,2,temperatura,2025-10-04 01:09:50,17.2,1.0,52.8,52.35,1,0,baixo,0.0
211,4,2,temperatura,2025-10-04 01:10:41,18.05,1.0,59.51,52.55,1,0,baixo,0.0
215,4,2,temperatura,2025-10-04 01:10:51,18.22,1.0,60.87,52.55,1,0,baixo,0.0
217,4,2,temperatura,2025-10-04 01:10:55,18.28,1.0,51.0,52.55,1,0,baixo,0.0
221,4,2,temperatura,2025-10-04 01:11:04,18.43,1.0,53.72,57.68,1,0,baixo,0.0
238,4,2,temperatura,2025-10-04 01:11:39,19.02,1.0,51.77,59.79,0,0,baixo,0.0
246,4,2,temperatura,2025-10-04 01:11:55,19.28,1.0,64.36,62.54,0,0,baixo,0.0
247,4,2,temperatura,2025-10-04 01:11:57,19.32,1.0,58.71,62.54,0,0,baixo,0.0
260,4,2,temperatura,2025-10-04 01:12:23,19.75,1.0,54.75,59.63,0,0,baixo,0.0
264,4,2,temperatura,2025-10-04 01:12:32,19.9,1.0,50.75,52.15,0,0,baixo,0.0
268,4,2,temperatura,2025-10-04 01:12:40,20.03,1.0,50.78,59.23,0,0,baixo,0.0
291,4,2,temperatura,2025-10-04 01:13:26,20.8,1.0,57.59,55.6,1,0,baixo,0.0
293,4,2,temperatura,2025-10-04 01:13:30,20.87,1.0,57.34,50.91,1,0,baixo,0.0
295,4,2,temperatura,2025-10-04 01:13:35,20.95,1.0,62.82,50.91,1,0,baixo,0.0
299,4,2,temperatura,2025-10-04 01:13:43,21.08,1.0,58.44,50.91,1,0,baixo,0.0
303,4,2,temperatura,2025-10-04 01:13:51,21.22,1.0,50.97,50.91,1,0,baixo,0.0
310,4,2,temperatura,2025-10-04 01:14:05,21.45,1.0,56.21,50.91,1,0,baixo,0.0
315,4,2,temperatura,2025-10-04 01:14:15,21.62,1.0,56.06,50.91,1,0,baixo,0.0
320,4,2,temperatura,2025-10-04 01:14:25,21.78,1.0,59.2,94.72,1,0,baixo,0.0
326,4,2,temperatura,2025-10-04 01:14:37,21.98,1.0,62.61,52.84,1,0,baixo,0.0
327,4,2,temperatura,2025-10-04 01:14:39,22.02,1.0,59.63,52.84,1,0,baixo,0.0
332,4,2,temperatura,2025-10-04 01:14:50,22.2,1.0,56.33,89.92,1,0,baixo,0.0
341,4,2,temperatura,2025-10-04 01:15:08,22.5,1.0,64.32,60.83,1,0,baixo,0.0
347,4,2,temperatura,2025-10-04 01:15:20,22.7,1.0,95.13,60.83,1,0,baixo,0.0
348,4,2,temperatura,2025-10-04 01:15:22,22.73,1.0,59.05,60.83,1,0,baixo,0.0
349,4,2,temperatura,2025-10-04 01:15:24,22.77,1.0,62.74,60.83,1,0,baixo,0.0
363,4,2,temperatura,2025-10-04 01:17:50,25.2,1.0,58.18,60.83,0,0,baixo,0.0
370,4,2,temperatura,2025-10-04 01:18:04,25.43,1.0,57.45,55.18,0,0,baixo,0.0
371,4,2,temperatura,2025-10-04 01:18:06,25.47,1.0,63.06,55.18,0,0,baixo,0.0
372,4,2,temperatura,2025-10-04 01:18:08,25.5,1.0,59.67,55.18,0,0,baixo,0.0
383,4,2,temperatura,2025-10-04 01:19:36,26.97,1.0,50.71,57.82,1,0,baixo,0.0
384,4,2,temperatura,2025-10-04 01:19:38,27.0,1.0,57.82,57.82,1,0,baixo,0.0
386,4,2,temperatura,2025-10-04 01:19:42,27.07,1.0,52.19,95.48,1,0,baixo,0.0
387,4,2,temperatura,2025-10-04 01:19:44,27.1,1.0,55.22,95.48,1,0,baixo,0.0
395,4,2,temperatura,2025-10-04 01:20:01,27.38,1.0,58.07,98.33,1,0,baixo,0.0
399,4,2,temperatura,2025-10-04 01:20:09,27.52,1.0,93.73,98.33,1,0,baixo,0.0
406,4,2,temperatura,2025-10-04 01:20:23,27.75,1.0,51.07,58.49,1,0,baixo,0.0
412,4,2,temperatura,2025-10-04 01:20:35,27.95,1.0,57.53,55.11,1,0,baixo,0.0
413,4,2,temperatura,2025-10-04 01:20:37,27.98,1.0,95.08,55.11,1,0,baixo,0.0
421,4,2,temperatura,2025-10-04 01:20:54,28.27,1.0,63.61,54.88,1,0,baixo,0.0
422,4,2,temperatura,2025-10-04 01:20:56,28.3,1.0,53.14,54.88,1,0,baixo,0.0
433,4,2,temperatura,2025-10-04 01:21:18,28.67,1.0,61.42,57.22,1,0,baixo,0.0
438,4,2,temperatura,2025-10-04 01:21:28,28.83,1.0,63.4,57.22,1,0,baixo,0.0
443,4,2,temperatura,2025-10-04 01:21:38,29.0,1.0,62.85,55.63,1,0,baixo,0.0
446,4,2,temperatura,2025-10-04 01:21:44,29.1,1.0,96.86,52.56,1,0,baixo,0.0
453,4,2,temperatura,2025-10-04 01:21:58,29.33,1.0,56.76,62.11,1,0,baixo,0.0
476,4,2,temperatura,2025-10-04 01:22:45,30.12,1.0,62.86,59.44,1,0,baixo,0.0
478,4,2,temperatura,2025-10-04 01:22:49,30.18,1.0,53.32,59.44,1,0,baixo,0.0
491,4,2,temperatura,2025-10-04 01:23:15,30.62,1.0,53.13,59.99,1,0,baixo,0.0
492,4,2,temperatura,2025-10-04 01:23:17,30.65,1.0,52.21,59.99,1,0,baixo,0.0
496,4,2,temperatura,2025-10-04 01:23:25,30.78,1.0,62.3,97.75,1,0,baixo,0.0
501,4,2,temperatura,2025-10-04 01:23:35,30.95,1.0,62.43,53.76,1,0,baixo,0.0
508,4,2,temperatura,2025-10-04 01:23:50,31.2,1.0,50.9,53.76,1,0,baixo,0.0
510,4,2,temperatura,2025-10-04 01:24:14,31.6,1.0,57.11,53.76,1,0,baixo,0.0
514,4,2,temperatura,2025-10-04 01:24:22,31.73,1.0,60.17,54.59,1,0,baixo,0.0
517,4,2,temperatura,2025-10-04 01:24:28,31.83,1.0,50.27,61.41,0,0,baixo,0.0
522,4,2,temperatura,2025-10-04 01:24:38,32.0,1.0,50.78,61.41,0,0,baixo,0.0
527,4,2,temperatura,2025-10-04 01:25:42,33.07,1.0,51.71,61.41,0,0,baixo,0.0
528,4,2,temperatura,2025-10-04 01:30:50,38.2,1.0,52.02,61.41,1,0,baixo,0.0
539,4,2,temperatura,2025-10-04 01:31:13,38.58,1.0,95.45,64.36,1,0,baixo,0.0
546,4,2,temperatura,2025-10-04 01:31:27,38.82,1.0,61.59,64.36,1,0,baixo,0.0
558,4,2,temperatura,2025-10-04 01:35:13,42.58,1.0,90.45,50.24,1,0,baixo,0.0
560,4,2,temperatura,2025-10-04 01:35:17,42.65,1.0,62.49,98.38,1,0,baixo,0.0
574,4,2,temperatura,2025-10-04 01:35:45,43.12,1.0,53.36,54.08,1,0,baixo,0.0
586,4,2,temperatura,2025-10-04 01:36:09,43.52,1.0,62.45,55.37,1,0,baixo,0.0
588,4,2,temperatura,2025-10-04 01:36:13,43.58,1.0,53.86,55.37,1,0,baixo,0.0
590,4,2,temperatura,2025-10-04 01:45:05,52.45,1.0,51.8,55.37,1,0,baixo,0.0
591,4,2,temperatura,2025-10-04 01:45:07,52.48,1.0,63.04,55.37,1,0,baixo,0.0
593,4,2,temperatura,2025-10-04 01:45:11,52.55,1.0,63.03,55.37,1,0,baixo,0.0
598,4,2,temperatura,2025-10-04 01:45:21,52.72,1.0,57.57,58.05,1,0,baixo,0.0
602,4,2,temperatura,2025-10-04 01:45:29,52.85,1.0,61.42,90.08,1,0,baixo,0.0
603,4,2,temperatura,2025-10-04 01:45:31,52.88,1.0,50.86,90.08,1,0,baixo,0.0
607,4,2,temperatura,2025-10-04 01:45:39,53.02,1.0,55.2,54.07,1,0,baixo,0.0
623,4,2,temperatura,2025-10-04 01:46:12,53.57,1.0,56.88,58.19,1,0,baixo,0.0
631,4,2,temperatura,2025-10-04 01:46:28,53.83,1.0,50.04,60.15,0,0,baixo,0.0
634,4,2,temperatura,2025-10-04 01:46:34,53.93,1.0,60.92,52.18,0,0,baixo,0.0
637,4,2,temperatura,2025-10-04 01:46:40,54.03,1.0,59.52,52.18,1,0,baixo,0.0
652,4,2,temperatura,2025-10-04 01:47:10,54.53,1.0,61.78,63.42,1,0,baixo,0.0
657,4,2,temperatura,2025-10-04 01:47:20,54.7,1.0,52.73,63.25,1,0,baixo,0.0
665,4,2,temperatura,2025-10-04 01:47:37,54.98,1.0,62.1,53.02,1,0,baixo,0.0
669,4,2,temperatura,2025-10-04 01:47:45,55.12,1.0,61.36,88.14,1,0,baixo,0.0
670,4,2,temperatura,2025-10-04 01:47:47,55.15,1.0,58.99,88.14,1,0,baixo,0.0
673,4,2,temperatura,2025-10-04 01:47:53,55.25,1.0,50.71,88.14,1,0,baixo,0.0
675,4,2,temperatura,2025-10-04 01:47:57,55.32,1.0,57.93,88.14,1,0,baixo,0.0
676,4,2,temperatura,2025-10-04 01:47:59,55.35,1.0,55.25,88.14,1,0,baixo,0.0
677,4,2,temperatura,2025-10-04 01:48:01,55.38,1.0,52.18,88.14,1,0,baixo,0.0
692,4,2,temperatura,2025-10-04 01:48:31,55.88,1.0,51.45,64.74,1,0,baixo,0.0
703,4,2,temperatura,2025-10-04 01:48:53,56.25,1.0,50.29,53.97,0,0,baixo,0.0
707,4,2,temperatura,2025-10-04 01:49:02,56.4,1.0,52.33,53.97,0,0,baixo,0.0
708,4,2,temperatura,2025-10-04 01:49:04,56.43,1.0,59.92,53.97,0,0,baixo,0.0
713,4,2,temperatura,2025-10-04 01:49:14,56.6,1.0,57.91,53.97,0,0,baixo,0.0
715,4,2,temperatura,2025-10-04 01:49:18,56.67,1.0,54.72,53.97,0,0,baixo,0.0
732,4,2,temperatura,2025-10-04 01:49:52,57.23,1.0,57.1,59.13,0,0,baixo,0.0
733,4,2,temperatura,2025-10-04 01:49:54,57.27,1.0,60.88,59.13,0,0,baixo,0.0
734,4,2,temperatura,2025-10-04 01:49:56,57.3,1.0,61.0,59.13,0,0,baixo,0.0
743,4,2,temperatura,2025-10-04 01:50:15,57.62,1.0,53.05,51.95,1,0,baixo,0.0
760,4,2,temperatura,2025-10-04 01:50:49,58.18,1.0,56.98,52.21,1,0,baixo,0.0
772,4,2,temperatura,2025-10-04 01:51:13,58.58,1.0,54.82,64.95,1,0,baixo,0.0
776,4,2,temperatura,2025-10-04 01:51:21,58.72,1.0,55.18,64.95,1,0,baixo,0.0
783,4,2,temperatura,2025-10-04 01:51:36,58.97,1.0,62.76,52.97,1,0,baixo,0.0
784,4,2,temperatura,2025-10-04 01:51:38,59.0,1.0,50.48,52.97,1,0,baixo,0.0
800,4,2,temperatura,2025-10-04 01:52:10,59.53,1.0,57.28,59.3,1,0,baixo,0.0
813,4,2,temperatura,2025-10-04 01:52:36,59.97,1.0,56.48,64.92,1,0,baixo,0.0
814,4,2,temperatura,2025-10-04 01:52:38,60.0,1.0,89.96,64.92,1,0,baixo,0.0
821,4,2,temperatura,2025-10-04 01:52:53,60.25,1.0,55.6,94.59,1,0,baixo,0.0
823,4,2,temperatura,2025-10-04 01:52:57,60.32,1.0,57.38,94.59,1,0,baixo,0.0
825,4,2,temperatura,2025-10-04 01:53:01,60.38,1.0,54.71,94.59,1,0,baixo,0.0
830,4,2,temperatura,2025-10-04 01:53:11,60.55,1.0,63.22,56.04,1,0,baixo,0.0
831,4,2,temperatura,2025-10-04 01:53:13,60.58,1.0,50.3,56.04,1,0,baixo,0.0
845,4,2,temperatura,2025-10-04 01:53:41,61.05,1.0,53.49,58.33,1,0,baixo,0.0
852,4,2,temperatura,2025-10-04 01:53:55,61.28,1.0,54.78,62.79,1,0,baixo,0.0
857,4,2,temperatura,2025-10-04 01:54:05,61.45,1.0,97.32,63.47,1,0,baixo,0.0
860,4,2,temperatura,2025-10-04 01:54:11,61.55,1.0,56.36,63.47,1,0,baixo,0.0
876,4,2,temperatura,2025-10-04 01:54:44,62.1,1.0,62.64,51.48,1,0,baixo,0.0
880,4,2,temperatura,2025-10-04 01:54:52,62.23,1.0,93.23,51.48,1,0,baixo,0.0
897,4,2,temperatura,2025-10-04 01:55:26,62.8,1.0,53.28,98.9,1,0,baixo,0.0
905,4,2,temperatura,2025-10-04 01:55:43,63.08,1.0,59.78,62.98,1,0,baixo,0.0
915,4,2,temperatura,2025-10-04 01:56:03,63.42,1.0,57.92,62.75,1,0,baixo,0.0
919,4,2,temperatura,2025-10-04 01:56:11,63.55,1.0,61.33,62.75,1,0,baixo,0.0
922,4,2,temperatura,2025-10-04 01:56:17,63.65,1.0,51.85,62.75,1,0,baixo,0.0
925,4,2,temperatura,2025-10-04 01:56:23,63.75,1.0,51.56,58.34,0,0,baixo,0.0
927,4,2,temperatura,2025-10-04 01:56:27,63.82,1.0,64.64,58.34,0,0,baixo,0.0
928,4,2,temperatura,2025-10-04 01:56:29,63.85,1.0,51.9,58.34,0,0,baixo,0.0
937,4,2,temperatura,2025-10-04 01:56:47,64.15,1.0,60.68,56.9,1,0,baixo,0.0
939,4,2,temperatura,2025-10-04 01:56:51,64.22,1.0,56.09,56.9,1,0,baixo,0.0
942,4,2,temperatura,2025-10-04 01:56:57,64.32,1.0,57.43,56.9,1,0,baixo,0.0
949,4,2,temperatura,2025-10-04 01:57:12,64.57,1.0,54.1,53.17,1,0,baixo,0.0
970,4,2,temperatura,2025-10-04 01:57:54,65.27,1.0,55.59,50.57,1,0,baixo,0.0
982,4,2,temperatura,2025-10-04 01:58:18,65.67,1.0,51.7,55.49,1,0,baixo,0.0
985,4,2,temperatura,2025-10-04 01:58:24,65.77,1.0,60.44,61.49,1,0,baixo,0.0
987,4,2,temperatura,2025-10-04 01:58:29,65.85,1.0,59.04,61.49,1,0,baixo,0.0
992,4,2,temperatura,2025-10-04 01:58:39,66.02,1.0,51.47,61.49,1,0,baixo,0.0
994,4,2,temperatura,2025-10-04 01:58:43,66.08,1.0,63.94,61.49,1,0,baixo,0.0
1002,4,2,temperatura,2025-10-04 01:58:59,66.35,1.0,57.71,61.49,1,0,baixo,0.0
1003,4,2,temperatura,2025-10-04 01:59:01,66.38,1.0,50.38,61.49,1,0,baixo,0.0
1008,4,2,temperatura,2025-10-04 01:59:11,66.55,1.0,88.61,61.49,1,0,baixo,0.0
1009,4,2,temperatura,2025-10-04 01:59:13,66.58,1.0,62.23,61.49,1,0,baixo,0.0
1012,4,2,temperatura,2025-10-04 01:59:19,66.68,1.0,53.18,60.09,1,0,baixo,0.0
1013,4,2,temperatura,2025-10-04 01:59:21,66.72,1.0,60.16,60.09,1,0,baixo,0.0
1019,4,2,temperatura,2025-10-04 01:59:33,66.92,1.0,55.9,53.45,1,0,baixo,0.0
1020,4,2,temperatura,2025-10-04 01:59:35,66.95,1.0,63.72,53.45,1,0,baixo,0.0
1021,4,2,temperatura,2025-10-04 01:59:37,66.98,1.0,56.14,53.45,1,0,baixo,0.0
1024,4,2,temperatura,2025-10-04 01:59:43,67.08,1.0,50.78,55.69,1,0,baixo,0.0
1028,4,2,temperatura,2025-10-04 01:59:52,67.23,1.0,54.92,55.69,1,0,baixo,0.0
1029,4,2,temperatura,2025-10-04 01:59:54,67.27,1.0,54.38,55.69,1,0,baixo,0.0
1033,4,2,temperatura,2025-10-04 02:00:02,67.4,1.0,50.3,50.55,1,0,baixo,0.0
1037,4,2,temperatura,2025-10-04 02:00:10,67.53,1.0,53.56,50.55,1,0,baixo,0.0
1043,4,2,temperatura,2025-10-04 02:00:22,67.73,1.0,54.24,50.65,1,0,baixo,0.0
1045,4,2,temperatura,2025-10-04 02:00:26,67.8,1.0,63.52,56.56,1,0,baixo,0.0
1049,4,2,temperatura,2025-10-04 02:00:34,67.93,1.0,64.92,51.49,1,0,baixo,0.0
1051,4,2,temperatura,2025-10-04 02:00:38,68.0,1.0,54.21,51.49,1,0,baixo,0.0
1056,4,2,temperatura,2025-10-04 02:00:48,68.17,1.0,52.46,63.67,1,0,baixo,0.0
1066,4,2,temperatura,2025-10-04 02:01:09,68.52,1.0,59.9,96.8,1,0,baixo,0.0
1073,4,2,temperatura,2025-10-04 02:01:23,68.75,1.0,56.98,56.58,1,0,baixo,0.0
1081,4,2,temperatura,2025-10-04 02:01:39,69.02,1.0,55.03,50.22,1,0,baixo,0.0
1082,4,2,temperatura,2025-10-04 02:01:41,69.05,1.0,93.5,50.22,1,0,baixo,0.0
1088,4,2,temperatura,2025-10-04 02:01:53,69.25,1.0,88.38,58.14,1,0,baixo,0.0
1090,4,2,temperatura,2025-10-04 02:01:57,69.32,1.0,57.32,58.14,1,0,baixo,0.0
1095,4,2,temperatura,2025-10-04 02:02:09,69.52,1.0,61.56,58.14,1,0,baixo,0.0
1097,4,2,temperatura,2025-10-04 02:02:13,69.58,1.0,53.08,61.64,1,0,baixo,0.0
1107,4,2,temperatura,2025-10-04 02:02:57,70.32,1.0,50.84,96.58,1,0,baixo,0.0
1108,4,2,temperatura,2025-10-04 02:02:59,70.35,1.0,55.43,96.58,1,0,baixo,0.0
1119,4,2,temperatura,2025-10-04 02:03:27,70.82,1.0,63.43,61.0,1,0,baixo,0.0
1123,4,2,temperatura,2025-10-04 02:03:36,70.97,1.0,57.0,61.0,1,0,baixo,0.0
1124,4,2,temperatura,2025-10-04 02:03:38,71.0,1.0,52.83,61.0,1,0,baixo,0.0
1127,4,2,temperatura,2025-10-04 02:03:44,71.1,1.0,53.65,61.0,1,0,baixo,0.0
1131,4,2,temperatura,2025-10-04 02:03:53,71.25,1.0,57.16,62.16,1,0,baixo,0.0
1135,4,2,temperatura,2025-10-04 02:04:01,71.38,1.0,63.77,62.16,1,0,baixo,0.0
1137,4,2,temperatura,2025-10-04 02:04:05,71.45,1.0,52.98,62.16,1,0,baixo,0.0
1138,4,2,temperatura,2025-10-04 02:04:08,71.5,1.0,96.97,62.16,1,0,baixo,0.0
1139,4,2,temperatura,2025-10-04 02:04:10,71.53,1.0,51.58,62.16,1,0,baixo,0.0
1144,4,2,temperatura,2025-10-04 02:04:22,71.73,1.0,60.37,85.07,1,0,baixo,0.0
1160,4,2,temperatura,2025-10-04 02:05:15,72.62,1.0,53.1,62.52,1,0,baixo,0.0
1165,4,2,temperatura,2025-10-04 02:05:29,72.85,1.0,64.09,62.29,1,0,baixo,0.0
1166,4,2,temperatura,2025-10-04 02:05:32,72.9,1.0,63.99,62.29,1,0,baixo,0.0
1168,4,2,temperatura,2025-10-04 02:05:38,73.0,1.0,95.74,50.04,1,0,baixo,0.0
1183,4,2,temperatura,2025-10-04 02:06:11,73.55,1.0,53.45,53.85,1,0,baixo,0.0
1203,4,2,temperatura,2025-10-04 02:08:10,75.53,1.0,95.14,59.73,1,0,baixo,0.0
1206,4,2,temperatura,2025-10-04 02:08:16,75.63,1.0,64.27,59.73,1,0,baixo,0.0
1212,4,2,temperatura,2025-10-04 02:12:22,79.73,1.0,62.24,62.23,0,0,baixo,0.0
1214,4,2,temperatura,2025-10-04 02:12:26,79.8,1.0,52.88,62.23,0,0,baixo,0.0
7,6,3,temperatura,2025-10-04 00:50:54,0.0,0.0,56.1,58.32,0,0,baixo,0.0
8,6,3,temperatura,2025-10-04 00:50:56,0.0,0.0,54.85,58.32,0,0,baixo,0.0
11,6,3,temperatura,2025-10-04 00:51:05,0.0,0.0,52.49,58.32,0,0,baixo,0.0
21,6,3,temperatura,2025-10-04 00:51:28,0.0,0.0,51.42,53.78,0,0,baixo,0.0
22,6,3,temperatura,2025-10-04 00:51:30,0.0,0.0,63.4,53.78,0,0,baixo,0.0
26,6,3,temperatura,2025-10-04 00:51:39,0.0,0.0,90.78,53.78,0,0,baixo,0.0
32,6,3,temperatura,2025-10-04 00:51:52,0.0,0.0,63.22,62.72,0,0,baixo,0.0
34,6,3,temperatura,2025-10-04 00:51:57,0.0,0.0,50.86,62.72,0,0,baixo,0.0
44,6,3,temperatura,2025-10-04 00:52:21,0.0,0.0,52.96,59.27,0,0,baixo,0.0
45,6,3,temperatura,2025-10-04 00:52:23,0.0,0.0,50.99,59.27,0,0,baixo,0.0
50,6,3,temperatura,2025-10-04 00:52:36,0.0,0.0,64.26,59.27,0,0,baixo,0.0
56,6,3,temperatura,2025-10-04 00:52:50,0.2,1.0,53.65,99.69,0,0,baixo,0.0
67,6,3,temperatura,2025-10-04 00:58:27,5.82,1.0,61.82,62.26,0,0,baixo,0.0
68,6,3,temperatura,2025-10-04 00:58:29,5.85,1.0,64.95,62.26,0,0,baixo,0.0
75,6,3,temperatura,2025-10-04 00:58:48,6.17,1.0,57.9,61.24,0,0,baixo,0.0
76,6,3,temperatura,2025-10-04 00:58:51,6.22,1.0,64.26,61.24,0,0,baixo,0.0
77,6,3,temperatura,2025-10-04 00:58:53,6.25,1.0,61.96,61.24,0,0,baixo,0.0
86,6,3,temperatura,2025-10-04 01:00:24,7.77,1.0,62.36,57.57,0,0,baixo,0.0
89,6,3,temperatura,2025-10-04 01:00:32,7.9,1.0,55.28,57.57,0,0,baixo,0.0
95,6,3,temperatura,2025-10-04 01:00:54,8.27,1.0,60.18,57.57,0,0,baixo,0.0
105,6,3,temperatura,2025-10-04 01:01:29,8.85,1.0,64.07,50.49,0,0,baixo,0.0
107,6,3,temperatura,2025-10-04 01:01:35,8.95,1.0,56.5,50.49,0,0,baixo,0.0
113,6,3,temperatura,2025-10-04 01:01:48,9.17,1.0,51.52,58.57,0,0,baixo,0.0
114,6,3,temperatura,2025-10-04 01:01:50,9.2,1.0,58.69,58.57,0,0,baixo,0.0
115,6,3,temperatura,2025-10-04 01:01:52,9.23,1.0,54.22,58.57,0,0,baixo,0.0
116,6,3,temperatura,2025-10-04 01:01:54,9.27,1.0,56.65,58.57,0,0,baixo,0.0
118,6,3,temperatura,2025-10-04 01:04:56,12.3,1.0,61.83,58.57,1,0,baixo,0.0
122,6,3,temperatura,2025-10-04 01:05:04,12.43,1.0,94.82,58.57,1,0,baixo,0.0
126,6,3,temperatura,2025-10-04 01:05:12,12.57,1.0,58.14,58.57,1,0,baixo,0.0
143,6,3,temperatura,2025-10-04 01:06:47,14.15,1.0,96.43,58.57,1,0,baixo,0.0
146,6,3,temperatura,2025-10-04 01:06:57,14.32,1.0,59.64,58.57,1,0,baixo,0.0
159,6,3,temperatura,2025-10-04 01:07:25,14.78,1.0,61.81,64.84,1,0,baixo,0.0
165,6,3,temperatura,2025-10-04 01:07:41,15.05,1.0,61.42,64.84,1,0,baixo,0.0
173,6,3,temperatura,2025-10-04 01:07:58,15.33,1.0,59.71,64.84,1,0,baixo,0.0
177,6,3,temperatura,2025-10-04 01:09:01,16.38,1.0,52.71,90.21,1,0,baixo,0.0
183,6,3,temperatura,2025-10-04 01:09:32,16.9,1.0,55.71,56.6,1,0,baixo,0.0
188,6,3,temperatura,2025-10-04 01:09:48,17.17,1.0,57.75,56.6,1,0,baixo,0.0
191,6,3,temperatura,2025-10-04 01:09:54,17.27,1.0,64.05,56.6,0,0,baixo,0.0
198,6,3,temperatura,2025-10-04 01:10:12,17.57,1.0,62.96,64.89,0,0,baixo,0.0
203,6,3,temperatura,2025-10-04 01:10:24,17.77,1.0,61.11,52.41,0,0,baixo,0.0
208,6,3,temperatura,2025-10-04 01:10:35,17.95,1.0,51.01,52.41,0,0,baixo,0.0
230,6,3,temperatura,2025-10-04 01:11:22,18.73,1.0,53.61,60.6,1,0,baixo,0.0
240,6,3,temperatura,2025-10-04 01:11:43,19.08,1.0,61.48,60.6,1,0,baixo,0.0
243,6,3,temperatura,2025-10-04 01:11:49,19.18,1.0,63.34,60.6,1,0,baixo,0.0
254,6,3,temperatura,2025-10-04 01:12:11,19.55,1.0,85.0,91.2,1,0,baixo,0.0
255,6,3,temperatura,2025-10-04 01:12:13,19.58,1.0,53.52,91.2,1,0,baixo,0.0
261,6,3,temperatura,2025-10-04 01:12:26,19.8,1.0,56.62,60.72,1,0,baixo,0.0
267,6,3,temperatura,2025-10-04 01:12:38,20.0,1.0,94.83,50.44,1,0,baixo,0.0
269,6,3,temperatura,2025-10-04 01:12:42,20.07,1.0,64.71,50.44,1,0,baixo,0.0
270,6,3,temperatura,2025-10-04 01:12:44,20.1,1.0,92.73,50.44,1,0,baixo,0.0
275,6,3,temperatura,2025-10-04 01:12:54,20.27,1.0,57.47,51.28,1,0,baixo,0.0
279,6,3,temperatura,2025-10-04 01:13:02,20.4,1.0,52.6,51.06,1,0,baixo,0.0
281,6,3,temperatura,2025-10-04 01:13:06,20.47,1.0,50.9,62.71,1,0,baixo,0.0
290,6,3,temperatura,2025-10-04 01:13:24,20.77,1.0,53.55,61.07,1,0,baixo,0.0
296,6,3,temperatura,2025-10-04 01:13:37,20.98,1.0,62.91,64.04,1,0,baixo,0.0
309,6,3,temperatura,2025-10-04 01:14:03,21.42,1.0,53.09,61.76,0,0,baixo,0.0
329,6,3,temperatura,2025-10-04 01:14:43,22.08,1.0,55.94,55.42,0,0,baixo,0.0
336,6,3,temperatura,2025-10-04 01:14:58,22.33,1.0,62.7,51.27,0,0,baixo,0.0
340,6,3,temperatura,2025-10-04 01:15:06,22.47,1.0,57.74,51.27,0,0,baixo,0.0
352,6,3,temperatura,2025-10-04 01:15:30,22.87,1.0,50.4,53.85,0,0,baixo,0.0
353,6,3,temperatura,2025-10-04 01:15:32,22.9,1.0,57.65,53.85,0,0,baixo,0.0
357,6,3,temperatura,2025-10-04 01:15:40,23.03,1.0,55.02,52.77,0,0,baixo,0.0
358,6,3,temperatura,2025-10-04 01:15:42,23.07,1.0,60.93,52.77,0,0,baixo,0.0
364,6,3,temperatura,2025-10-04 01:17:52,25.23,1.0,60.38,52.71,0,0,baixo,0.0
378,6,3,temperatura,2025-10-04 01:18:20,25.7,1.0,57.44,55.98,0,0,baixo,0.0
380,6,3,temperatura,2025-10-04 01:18:25,25.78,1.0,56.23,55.98,0,0,baixo,0.0
381,6,3,temperatura,2025-10-04 01:18:27,25.82,1.0,52.16,55.98,0,0,baixo,0.0
382,6,3,temperatura,2025-10-04 01:19:34,26.93,1.0,96.88,55.98,1,0,baixo,0.0
402,6,3,temperatura,2025-10-04 01:20:15,27.62,1.0,64.44,51.42,1,0,baixo,0.0
424,6,3,temperatura,2025-10-04 01:21:00,28.37,1.0,50.98,64.28,0,0,baixo,0.0
434,6,3,temperatura,2025-10-04 01:21:20,28.7,1.0,63.62,64.57,1,0,baixo,0.0
437,6,3,temperatura,2025-10-04 01:21:26,28.8,1.0,59.44,50.79,1,0,baixo,0.0
448,6,3,temperatura,2025-10-04 01:21:48,29.17,1.0,57.95,54.22,1,0,baixo,0.0
452,6,3,temperatura,2025-10-04 01:21:56,29.3,1.0,63.15,54.22,1,0,baixo,0.0
456,6,3,temperatura,2025-10-04 01:22:04,29.43,1.0,54.75,54.22,1,0,baixo,0.0
461,6,3,temperatura,2025-10-04 01:22:15,29.62,1.0,54.16,62.15,1,0,baixo,0.0
470,6,3,temperatura,2025-10-04 01:22:33,29.92,1.0,55.5,60.31,1,0,baixo,0.0
471,6,3,temperatura,2025-10-04 01:22:35,29.95,1.0,60.67,60.31,1,0,baixo,0.0
473,6,3,temperatura,2025-10-04 01:22:39,30.02,1.0,53.27,60.31,1,0,baixo,0.0
474,6,3,temperatura,2025-10-04 01:22:41,30.05,1.0,57.69,60.31,1,0,baixo,0.0
475,6,3,temperatura,2025-10-04 01:22:43,30.08,1.0,57.09,60.31,1,0,baixo,0.0
480,6,3,temperatura,2025-10-04 01:22:53,30.25,1.0,56.79,60.31,1,0,baixo,0.0
483,6,3,temperatura,2025-10-04 01:22:59,30.35,1.0,63.17,60.31,1,0,baixo,0.0
484,6,3,temperatura,2025-10-04 01:23:01,30.38,1.0,64.98,60.31,1,0,baixo,0.0
493,6,3,temperatura,2025-10-04 01:23:19,30.68,1.0,54.37,52.41,1,0,baixo,0.0
497,6,3,temperatura,2025-10-04 01:23:27,30.82,1.0,56.41,52.41,1,0,baixo,0.0
500,6,3,temperatura,2025-10-04 01:23:33,30.92,1.0,51.63,52.41,1,0,baixo,0.0
503,6,3,temperatura,2025-10-04 01:23:40,31.03,1.0,59.29,52.41,1,0,baixo,0.0
512,6,3,temperatura,2025-10-04 01:24:18,31.67,1.0,57.12,58.34,1,0,baixo,0.0
516,6,3,temperatura,2025-10-04 01:24:26,31.8,1.0,99.58,58.34,1,0,baixo,0.0
521,6,3,temperatura,2025-10-04 01:24:36,31.97,1.0,61.62,59.74,1,0,baixo,0.0
523,6,3,temperatura,2025-10-04 01:24:40,32.03,1.0,91.91,59.74,1,0,baixo,0.0
531,6,3,temperatura,2025-10-04 01:30:56,38.3,1.0,98.67,59.74,1,0,baixo,0.0
536,6,3,temperatura,2025-10-04 01:31:06,38.47,1.0,56.7,53.29,1,0,baixo,0.0
541,6,3,temperatura,2025-10-04 01:31:17,38.65,1.0,52.36,62.84,1,0,baixo,0.0
545,6,3,temperatura,2025-10-04 01:31:25,38.78,1.0,58.73,54.58,1,0,baixo,0.0
548,6,3,temperatura,2025-10-04 01:31:31,38.88,1.0,50.6,55.66,1,0,baixo,0.0
561,6,3,temperatura,2025-10-04 01:35:19,42.68,1.0,60.64,51.19,0,0,baixo,0.0
570,6,3,temperatura,2025-10-04 01:35:37,42.98,1.0,58.61,51.19,0,0,baixo,0.0
572,6,3,temperatura,2025-10-04 01:35:41,43.05,1.0,62.16,51.19,0,0,baixo,0.0
578,6,3,temperatura,2025-10-04 01:35:53,43.25,1.0,53.96,55.15,0,0,baixo,0.0
584,6,3,temperatura,2025-10-04 01:36:05,43.45,1.0,57.77,64.16,0,0,baixo,0.0
587,6,3,temperatura,2025-10-04 01:36:11,43.55,1.0,52.0,64.16,0,0,baixo,0.0
592,6,3,temperatura,2025-10-04 01:45:09,52.52,1.0,55.36,64.16,0,0,baixo,0.0
597,6,3,temperatura,2025-10-04 01:45:19,52.68,1.0,64.35,53.89,0,0,baixo,0.0
605,6,3,temperatura,2025-10-04 01:45:35,52.95,1.0,50.89,53.89,0,0,baixo,0.0
616,6,3,temperatura,2025-10-04 01:45:58,53.33,1.0,62.56,50.75,0,0,baixo,0.0
617,6,3,temperatura,2025-10-04 01:46:00,53.37,1.0,63.61,50.75,0,0,baixo,0.0
635,6,3,temperatura,2025-10-04 01:46:36,53.97,1.0,51.38,52.46,0,0,baixo,0.0
636,6,3,temperatura,2025-10-04 01:46:38,54.0,1.0,51.2,52.46,0,0,baixo,0.0
644,6,3,temperatura,2025-10-04 01:46:54,54.27,1.0,54.62,52.46,0,0,baixo,0.0
646,6,3,temperatura,2025-10-04 01:46:58,54.33,1.0,55.11,60.67,0,0,baixo,0.0
649,6,3,temperatura,2025-10-04 01:47:04,54.43,1.0,52.27,50.33,0,0,baixo,0.0
660,6,3,temperatura,2025-10-04 01:47:26,54.8,1.0,61.88,50.33,1,0,baixo,0.0
661,6,3,temperatura,2025-10-04 01:47:29,54.85,1.0,54.74,50.33,1,0,baixo,0.0
662,6,3,temperatura,2025-10-04 01:47:31,54.88,1.0,59.83,50.33,1,0,baixo,0.0
663,6,3,temperatura,2025-10-04 01:47:33,54.92,1.0,50.99,50.33,1,0,baixo,0.0
667,6,3,temperatura,2025-10-04 01:47:41,55.05,1.0,56.11,51.06,1,0,baixo,0.0
674,6,3,temperatura,2025-10-04 01:47:55,55.28,1.0,54.23,51.06,1,0,baixo,0.0
683,6,3,temperatura,2025-10-04 01:48:13,55.58,1.0,61.31,96.77,1,0,baixo,0.0
687,6,3,temperatura,2025-10-04 01:48:21,55.72,1.0,53.16,96.77,1,0,baixo,0.0
691,6,3,temperatura,2025-10-04 01:48:29,55.85,1.0,54.08,96.77,1,0,baixo,0.0
704,6,3,temperatura,2025-10-04 01:48:56,56.3,1.0,53.37,96.77,1,0,baixo,0.0
705,6,3,temperatura,2025-10-04 01:48:58,56.33,1.0,63.62,96.77,1,0,baixo,0.0
712,6,3,temperatura,2025-10-04 01:49:12,56.57,1.0,90.49,54.69,1,0,baixo,0.0
714,6,3,temperatura,2025-10-04 01:49:16,56.63,1.0,87.06,54.69,1,0,baixo,0.0
717,6,3,temperatura,2025-10-04 01:49:22,56.73,1.0,54.92,54.69,1,0,baixo,0.0
726,6,3,temperatura,2025-10-04 01:49:40,57.03,1.0,61.62,56.11,1,0,baixo,0.0
735,6,3,temperatura,2025-10-04 01:49:58,57.33,1.0,60.71,62.68,1,0,baixo,0.0
739,6,3,temperatura,2025-10-04 01:50:06,57.47,1.0,57.91,62.68,1,0,baixo,0.0
742,6,3,temperatura,2025-10-04 01:50:13,57.58,1.0,60.45,62.68,1,0,baixo,0.0
749,6,3,temperatura,2025-10-04 01:50:27,57.82,1.0,56.0,62.68,1,0,baixo,0.0
758,6,3,temperatura,2025-10-04 01:50:45,58.12,1.0,63.5,52.29,1,0,baixo,0.0
761,6,3,temperatura,2025-10-04 01:50:51,58.22,1.0,61.45,52.29,1,0,baixo,0.0
775,6,3,temperatura,2025-10-04 01:51:19,58.68,1.0,55.17,91.27,1,0,baixo,0.0
780,6,3,temperatura,2025-10-04 01:51:29,58.85,1.0,54.71,91.27,1,0,baixo,0.0
782,6,3,temperatura,2025-10-04 01:51:34,58.93,1.0,61.49,91.27,1,0,baixo,0.0
788,6,3,temperatura,2025-10-04 01:51:46,59.13,1.0,56.25,91.27,1,0,baixo,0.0
791,6,3,temperatura,2025-10-04 01:51:52,59.23,1.0,53.53,91.27,1,0,baixo,0.0
802,6,3,temperatura,2025-10-04 01:52:14,59.6,1.0,64.1,63.07,1,0,baixo,0.0
804,6,3,temperatura,2025-10-04 01:52:18,59.67,1.0,50.03,63.07,1,0,baixo,0.0
822,6,3,temperatura,2025-10-04 01:52:55,60.28,1.0,64.53,87.0,1,0,baixo,0.0
824,6,3,temperatura,2025-10-04 01:52:59,60.35,1.0,53.87,87.0,1,0,baixo,0.0
840,6,3,temperatura,2025-10-04 01:53:31,60.88,1.0,93.31,56.15,1,0,baixo,0.0
855,6,3,temperatura,2025-10-04 01:54:01,61.38,1.0,54.41,96.98,1,0,baixo,0.0
868,6,3,temperatura,2025-10-04 01:54:28,61.83,1.0,86.86,58.37,1,0,baixo,0.0
871,6,3,temperatura,2025-10-04 01:54:34,61.93,1.0,53.47,58.37,1,0,baixo,0.0
875,6,3,temperatura,2025-10-04 01:54:42,62.07,1.0,50.47,58.37,1,0,baixo,0.0
878,6,3,temperatura,2025-10-04 01:54:48,62.17,1.0,57.95,86.67,1,0,baixo,0.0
882,6,3,temperatura,2025-10-04 01:54:56,62.3,1.0,52.61,92.61,1,0,baixo,0.0
885,6,3,temperatura,2025-10-04 01:55:02,62.4,1.0,53.68,89.81,1,0,baixo,0.0
889,6,3,temperatura,2025-10-04 01:55:10,62.53,1.0,62.05,89.81,1,0,baixo,0.0
892,6,3,temperatura,2025-10-04 01:55:16,62.63,1.0,52.24,54.54,1,0,baixo,0.0
902,6,3,temperatura,2025-10-04 01:55:36,62.97,1.0,50.86,52.23,1,0,baixo,0.0
911,6,3,temperatura,2025-10-04 01:55:55,63.28,1.0,58.2,91.53,1,0,baixo,0.0
917,6,3,temperatura,2025-10-04 01:56:07,63.48,1.0,50.81,91.53,1,0,baixo,0.0
935,6,3,temperatura,2025-10-04 01:56:43,64.08,1.0,62.72,91.53,1,0,baixo,0.0
940,6,3,temperatura,2025-10-04 01:56:53,64.25,1.0,62.12,64.82,1,0,baixo,0.0
941,6,3,temperatura,2025-10-04 01:56:55,64.28,1.0,55.09,64.82,1,0,baixo,0.0
944,6,3,temperatura,2025-10-04 01:57:01,64.38,1.0,61.08,99.78,1,0,baixo,0.0
945,6,3,temperatura,2025-10-04 01:57:03,64.42,1.0,51.17,99.78,1,0,baixo,0.0
946,6,3,temperatura,2025-10-04 01:57:05,64.45,1.0,93.96,99.78,1,0,baixo,0.0
951,6,3,temperatura,2025-10-04 01:57:16,64.63,1.0,54.54,60.71,1,0,baixo,0.0
952,6,3,temperatura,2025-10-04 01:57:18,64.67,1.0,55.19,60.71,1,0,baixo,0.0
953,6,3,temperatura,2025-10-04 01:57:20,64.7,1.0,55.2,60.71,1,0,baixo,0.0
956,6,3,temperatura,2025-10-04 01:57:26,64.8,1.0,51.17,54.53,1,0,baixo,0.0
959,6,3,temperatura,2025-10-04 01:57:32,64.9,1.0,93.35,54.69,1,0,baixo,0.0
961,6,3,temperatura,2025-10-04 01:57:36,64.97,1.0,52.92,54.69,1,0,baixo,0.0
968,6,3,temperatura,2025-10-04 01:57:50,65.2,1.0,63.91,54.69,1,0,baixo,0.0
971,6,3,temperatura,2025-10-04 01:57:56,65.3,1.0,55.05,54.69,1,0,baixo,0.0
973,6,3,temperatura,2025-10-04 01:58:00,65.37,1.0,61.05,54.69,1,0,baixo,0.0
976,6,3,temperatura,2025-10-04 01:58:06,65.47,1.0,53.42,54.69,1,0,baixo,0.0
978,6,3,temperatura,2025-10-04 01:58:10,65.53,1.0,54.45,54.69,1,0,baixo,0.0
990,6,3,temperatura,2025-10-04 01:58:35,65.95,1.0,55.45,54.69,0,0,baixo,0.0
996,6,3,temperatura,2025-10-04 01:58:47,66.15,1.0,54.66,55.71,0,0,baixo,0.0
997,6,3,temperatura,2025-10-04 01:58:49,66.18,1.0,60.77,55.71,0,0,baixo,0.0
1017,6,3,temperatura,2025-10-04 01:59:29,66.85,1.0,55.39,63.38,0,0,baixo,0.0
1025,6,3,temperatura,2025-10-04 01:59:45,67.12,1.0,63.79,63.38,0,0,baixo,0.0
1042,6,3,temperatura,2025-10-04 02:00:20,67.7,1.0,60.94,63.35,0,0,baixo,0.0
1046,6,3,temperatura,2025-10-04 02:00:28,67.83,1.0,50.48,63.35,0,0,baixo,0.0
1058,6,3,temperatura,2025-10-04 02:00:52,68.23,1.0,52.47,61.55,1,0,baixo,0.0
1060,6,3,temperatura,2025-10-04 02:00:56,68.3,1.0,63.85,61.55,1,0,baixo,0.0
1063,6,3,temperatura,2025-10-04 02:01:03,68.42,1.0,63.52,59.35,1,0,baixo,0.0
1076,6,3,temperatura,2025-10-04 02:01:29,68.85,1.0,95.1,57.1,1,0,baixo,0.0
1079,6,3,temperatura,2025-10-04 02:01:35,68.95,1.0,53.25,59.73,1,0,baixo,0.0
1091,6,3,temperatura,2025-10-04 02:01:59,69.35,1.0,58.19,63.2,1,0,baixo,0.0
1104,6,3,temperatura,2025-10-04 02:02:51,70.22,1.0,60.41,63.2,1,0,baixo,0.0
1121,6,3,temperatura,2025-10-04 02:03:31,70.88,1.0,64.94,54.09,1,0,baixo,0.0
1122,6,3,temperatura,2025-10-04 02:03:33,70.92,1.0,64.42,54.09,1,0,baixo,0.0
1126,6,3,temperatura,2025-10-04 02:03:42,71.07,1.0,64.75,54.09,1,0,baixo,0.0
1140,6,3,temperatura,2025-10-04 02:04:12,71.57,1.0,63.85,63.24,1,0,baixo,0.0
1149,6,3,temperatura,2025-10-04 02:04:36,71.97,1.0,91.02,58.02,1,0,baixo,0.0
1159,6,3,temperatura,2025-10-04 02:05:13,72.58,1.0,63.89,58.02,1,0,baixo,0.0
1161,6,3,temperatura,2025-10-04 02:05:18,72.67,1.0,58.98,58.02,1,0,baixo,0.0
1164,6,3,temperatura,2025-10-04 02:05:27,72.82,1.0,59.11,58.02,1,0,baixo,0.0
1171,6,3,temperatura,2025-10-04 02:05:44,73.1,1.0,56.12,52.06,0,0,baixo,0.0
1182,6,3,temperatura,2025-10-04 02:06:09,73.52,1.0,55.75,50.75,0,0,baixo,0.0
1197,6,3,temperatura,2025-10-04 02:07:58,75.33,1.0,61.34,52.14,0,0,baixo,0.0
1199,6,3,temperatura,2025-10-04 02:08:02,75.4,1.0,63.21,53.32,0,0,baixo,0.0
1200,6,3,temperatura,2025-10-04 02:08:04,75.43,1.0,62.12,53.32,0,0,baixo,0.0
1201,6,3,temperatura,2025-10-04 02:08:06,75.47,1.0,62.91,53.32,0,0,baixo,0.0
1210,6,3,temperatura,2025-10-04 02:12:18,79.67,1.0,53.77,53.73,0,0,baixo,0.0
